[
  {
    "id": "a6717dbe-731d-4828-893e-aef8f70e66a7",
    "date": "2025-03-16",
    "product_id": "dd838d26-3f8d-48f6-9414-b0fdc867f74c",
    "quantity": 1,
    "amount": 0.4,
    "sale_code": "250316JW",
    "customer_email": "Vishwakesh ",
    "notes": "",
    "status": "Replaced"
  },
  {
    "id": "908406fb-ff79-4ad2-af0b-16202a20cd89",
    "date": "2025-03-16",
    "product_id": "fcdd1969-5f3b-4c7a-b568-1cc8d0889860",
    "quantity": 1,
    "amount": 1.0,
    "sale_code": "250316SL",
    "customer_email": "",
    "notes": "",
    "status": "Completed",
    "unit_cost": 3.0,
    "total_cost": 3.0,
    "profit": -2.0
  },
  {
    "id": "c772cdde-15f7-43a0-8194-581fe78b64d2",
    "date": "2025-03-16",
    "product_id": "dd838d26-3f8d-48f6-9414-b0fdc867f74c",
    "quantity": 1,
    "amount": 0.4,
    "sale_code": "250316L1",
    "customer_email": "",
    "notes": "",
    "status": "Completed"
  },
  {
    "id": "7a77aff2-3260-4118-809e-afb5978d3177",
    "date": "2025-03-16",
    "product_id": "dd838d26-3f8d-48f6-9414-b0fdc867f74c",
    "quantity": 1,
    "amount": 0.4,
    "sale_code": "250316GF",
    "customer_email": "",
    "notes": "",
    "status": "Completed"
  },
  {
    "id": "6939f37f-f60b-4c02-a370-60c661de1a29",
    "date": "2025-03-16",
    "product_id": "dd838d26-3f8d-48f6-9414-b0fdc867f74c",
    "quantity": 1,
    "amount": 0.4,
    "sale_code": "2503162Z",
    "customer_email": "",
    "notes": "",
    "status": "Completed"
  },
  {
    "id": "8bf9266f-cc77-44de-bf26-ccd01140906c",
    "date": "2025-03-16",
    "product_id": "dd838d26-3f8d-48f6-9414-b0fdc867f74c",
    "quantity": 1,
    "amount": 0.4,
    "sale_code": "2503166Y",
    "customer_email": "",
    "notes": "",
    "status": "Completed"
  },
  {
    "id": "30c5d33c-9f6e-4bdc-bc4c-dfba9f1c1ac1",
    "date": "2025-03-16",
    "product_id": "dd838d26-3f8d-48f6-9414-b0fdc867f74c",
    "quantity": 1,
    "amount": 0.4,
    "sale_code": "250316QI",
    "customer_email": "Udk",
    "notes": "",
    "status": "Completed"
  },
  {
    "id": "d998477e-0a6f-49d8-a087-3dbda9849082",
    "date": "2025-03-16",
    "product_id": "fcdd1969-5f3b-4c7a-b568-1cc8d0889860",
    "quantity": 1,
    "amount": 1.0,
    "sale_code": "250316GT",
    "customer_email": "Ok ",
    "notes": "Idk",
    "status": "Completed",
    "unit_cost": 3.0,
    "total_cost": 3.0,
    "profit": -2.0
  }
]